DeltaH;C;deltaH
19.99;0.05;17.31184782
18.91;0.1;16.37654039
23.23;0.2;20.11777013
25.39;0.4;21.988385
38.35;0.8;33.21207424
