\Delta H;I;\delta H
2.253;0.25;1.062074385
2.954;0.75;1.392528954
3.354;1;1.581090763
3.842;1.25;1.811136169
4.618;1.5;2.176946077
5.119;1.75;2.413119742
